Id,Code,Name,Version
1,tt0094675,Ariel,1
2,tt0092149,Varjoja paratiisissa,1
3,tt0113101,Four Rooms,1
4,tt0107286,Judgment Night,1
5,tt0076759,Star Wars,1
6,tt0266543,Finding Nemo,1
7,tt0109830,Forrest Gump,1
8,tt0169547,American Beauty,1
9,tt0033467,Citizen Kane,1
10,tt0168629,Dancer in the Dark,1
11,tt0411267,The Dark,1
12,tt0119116,The Fifth Element,1
13,tt0017136,Metropolis,1
14,tt0314412,My Life Without Me,1
15,tt0060371,The Endless Summer,1
16,tt0325980,Pirates of the Caribbean: The Curse of the Black Pearl,1
17,tt0266697,Kill Bill: Vol. 1,1
18,tt0418763,Jarhead,1
19,tt0352994,LaLehet Al HaMayim,1
20,tt0411705,9 Songs,1
21,tt0078788,Apocalypse Now,1
22,tt1530535,彼女の想いで,1
23,tt0105695,Unforgiven,1
24,tt0462538,The Simpsons Movie,1
25,tt0338013,Eternal Sunshine of the Spotless Mind,1
26,tt0245712,Amores perros,1
27,tt0383574,Pirates of the Caribbean: Dead Man's Chest,1
28,tt0399146,A History of Violence,1
29,tt0062622,2001: A Space Odyssey,1
30,tt0114746,Twelve Monkeys,1
31,tt0287467,Hable con ella,1
32,tt0298203,8 Mile,1
33,tt0118548,Absolute Power,1
34,tt0445620,Paradise Now,1
35,tt0088846,Brazil,1
36,tt0358273,Walk the Line,1
37,tt0405159,Million Dollar Baby,1
38,tt0249462,Billy Elliot,1
39,tt0120586,American History X,1
40,tt0407304,War of the Worlds,1
41,tt0116996,Mars Attacks!,1
42,tt0112471,Before Sunrise,1
43,tt0209144,Memento,1
44,tt0083658,Blade Runner,1
45,tt0299977,英雄,1
46,tt0381681,Before Sunset,1
47,tt0087544,風の谷のナウシカ,1
48,tt0430357,Miami Vice,1
49,tt0374102,Open Water,1
50,tt0082971,Raiders of the Lost Ark,1
51,tt0430051,Elementarteilchen,1
52,tt0087469,Indiana Jones and the Temple of Doom,1
53,tt0092890,Dirty Dancing,1
54,tt0097576,Indiana Jones and the Last Crusade,1
55,tt0086960,Beverly Hills Cop,1
56,tt0023037,Las Hurdes,1
57,tt0169024,Megacities,1
58,tt0052561,Anatomy of a Murder,1
59,tt0120591,Armageddon,1
60,tt0092644,Beverly Hills Cop II,1
61,tt0084827,Tron,1
62,tt0172495,Gladiator,1
63,tt0185125,Todo sobre mi madre,1
64,tt0120735,"Lock, Stock and Two Smoking Barrels",1
65,tt0110413,Léon,1
66,tt0315543,Elsker dig for evigt,1
67,tt0075314,Taxi Driver,1
68,tt0130827,Lola rennt,1
69,tt0088763,Back to the Future,1
70,tt0093773,Predator,1
71,tt0208092,Snatch,1
72,tt0108394,Trois couleurs : Bleu,1
73,tt0111507,Trois couleurs : Blanc,1
74,tt0111495,Trois couleurs : Rouge,1
75,tt0086250,Scarface,1
76,tt0243862,Italiensk for begyndere,1
77,tt0374546,봄 여름 가을 겨울 그리고 봄,1
78,tt0100405,Pretty Woman,1
79,tt0118715,The Big Lebowski,1
80,tt0416320,Match Point,1
81,tt0094226,The Untouchables,1
82,tt0367594,Charlie and the Chocolate Factory,1
83,tt0120737,The Lord of the Rings: The Fellowship of the Ring,1
84,tt0167261,The Lord of the Rings: The Two Towers,1
85,tt0167260,The Lord of the Rings: The Return of the King,1
86,tt0077869,The Lord of the Rings,1
87,tt0086961,Bez Konca,1
88,tt0084549,Przypadek,1
89,tt0119698,もののけ姫,1
90,tt0245429,千と千尋の神隠し,1
91,tt0065780,The Rolling Stones: Gimme Shelter,1
92,tt0054205,Primary,1
93,tt0190590,"O Brother, Where Art Thou?",1
94,tt0061589,Dont Look Back,1
95,tt0022913,Freaks,1
96,tt0107048,Groundhog Day,1
97,tt0021814,Dracula,1
98,tt0164756,Mifunes sidste sang,1
99,tt0275491,La mala educación,1
100,tt0246578,Donnie Darko,1
101,tt0388795,Brokeback Mountain,1
102,tt0020629,All Quiet on the Western Front,1
103,tt0093191,Der Himmel über Berlin,1
104,tt0115751,Breaking the Waves,1
105,tt0190332,卧虎藏龙,1
106,tt0053198,Les Quatre Cents Coups,1
107,tt0430576,The Secret Life of Words,1
108,tt0094625,アキラ,1
109,tt0083511,48 Hrs.,1
110,tt0079945,Star Trek: The Motion Picture,1
111,tt0335266,Lost in Translation,1
112,tt0084726,Star Trek II: The Wrath of Khan,1
113,tt0468569,The Dark Knight,1
114,tt0329767,Wilbur begår selvmord,1
115,tt0088170,Star Trek III: The Search for Spock,1
116,tt0119472,Knockin' on Heaven's Door,1
117,tt0109255,Der bewegte Mann,1
118,tt0000012,L'arrivée d'un train en gare de La Ciotat,1
119,tt0240772,Ocean's Eleven,1
120,tt0099487,Edward Scissorhands,1
121,tt0349903,Ocean's Twelve,1
122,tt0054698,Breakfast at Tiffany's,1
123,tt0096874,Back to the Future Part II,1
124,tt0082100,La Boum,1
125,tt0272152,K-PAX,1
126,tt0092007,Star Trek IV: The Voyage Home,1
127,tt0100403,Predator 2,1
128,tt0289043,28 Days Later,1
129,tt0083686,La Boum 2,1
130,tt0098382,Star Trek V: The Final Frontier,1
131,tt0046672,"20,000 Leagues Under the Sea",1
132,tt0102975,Star Trek VI: The Undiscovered Country,1
133,tt0095250,Le Grand Bleu,1
134,tt0387564,Saw,1
135,tt0101889,The Fisher King,1
136,tt0109303,Blown Away,1
137,tt0373926,The Interpreter,1
138,tt0181689,Minority Report,1
139,tt0452624,The Good German,1
140,tt0098663,The Wizard,1
141,tt0119396,Jackie Brown,1
142,tt0066921,A Clockwork Orange,1
143,tt0425210,Lucky Number Slevin,1
144,tt0401792,Sin City,1
145,tt0458481,Sin City: A Dame to Kill For,1
146,tt0091605,The Name of the Rose,1
147,tt0111280,Star Trek: Generations,1
148,tt0211915,Le fabuleux destin d'Amélie Poulain,1
149,tt0023622,Trouble in Paradise,1
150,tt0099088,Back to the Future Part III,1
151,tt0112573,Braveheart,1
152,tt0035446,To Be or Not to Be,1
153,tt0117731,Star Trek: First Contact,1
154,tt0120844,Star Trek: Insurrection,1
155,tt0253754,Star Trek: Nemesis,1
156,tt0070379,Mean Streets,1
157,tt0046268,Le salaire de la peur,1
158,tt0395169,Hotel Rwanda,1
159,tt0287624,Paradise Found,1
160,tt0097165,Dead Poets Society,1
161,tt0276820,Berlin is in Germany,1
162,tt0036613,Arsenic and Old Lace,1
163,tt0053125,North by Northwest,1
164,tt0489270,Saw III,1
165,tt0432348,Saw II,1
166,tt0071141,Angst essen Seele auf,1
167,tt0367882,Indiana Jones and the Kingdom of the Crystal Skull,1
168,tt0088247,The Terminator,1
169,tt0441909,Volver,1
170,tt0048028,East of Eden,1
171,tt0048545,Rebel Without a Cause,1
172,tt0017668,Berlin: Die Sinfonie der Grosstadt,1
173,tt0032976,Rebecca,1
174,tt0075902,Człowiek z marmuru,1
175,tt0082222,Czlowiek z zelaza,1
176,tt0171804,Boys Don't Cry,1
177,tt0086066,The Outsiders,1
178,tt0020697,Der blaue Engel,1
179,tt0026138,Bride of Frankenstein,1
180,tt0365737,Syriana,1
181,tt0086216,Rumble Fish,1
182,tt0080117,The Wanderers,1
183,tt0010323,Das Cabinet des Dr. Caligari,1
184,tt0092005,Stand by Me,1
185,tt0110598,Muriel's Wedding,1
186,tt0289635,Young Adam,1
187,tt0068646,The Godfather,1
188,tt0053291,Some Like It Hot,1
189,tt0071562,The Godfather: Part II,1
190,tt0110632,Natural Born Killers,1
191,tt0099674,The Godfather: Part III,1
192,tt0146882,High Fidelity,1
193,tt0024216,King Kong,1
194,tt0276751,About a Boy,1
195,tt0363226,座頭市,1
196,tt0049406,The Killing,1
197,tt0055312,Pocketful of Miracles,1
198,tt0098621,The War of the Roses,1
199,tt0180748,I Kina spiser de hunde,1
200,tt0099653,Ghost,1
201,tt0067992,Willy Wonka & the Chocolate Factory,1
202,tt0070328,Live and Let Die,1
203,tt0360717,King Kong,1
204,tt0062695,Baisers volés,1
205,tt1180329,Antoine et Colette,1
206,tt0380599,Oliver Twist,1
207,tt0065651,Domicile Conjugal,1
208,tt0078771,L'amour en fuite,1
209,tt0026029,The 39 Steps,1
210,tt0051459,Cat on a Hot Tin Roof,1
211,tt0085794,The King of Comedy,1
212,tt0082661,Lili Marleen,1
213,tt0057345,Le Mépris,1
214,tt0118819,Carne trémula,1
215,tt0096895,Batman,1
216,tt0053472,À bout de souffle,1
217,tt0088015,Ronja Rövardotter,1
218,tt0372784,Batman Begins,1
219,tt0276617,Das weisse Rauschen,1
220,tt0102926,The Silence of the Lambs,1
221,tt0116282,Fargo,1
222,tt0408777,Die fetten Jahre sind vorbei,1
223,tt0320691,Underworld,1
224,tt0111161,The Shawshank Redemption,1
225,tt0086879,Amadeus,1
226,tt0103064,Terminator 2: Judgment Day,1
227,tt0114558,Strange Days,1
228,tt0053604,The Apartment,1
229,tt0449088,Pirates of the Caribbean: At World's End,1
230,tt0853060,Deutschland. Ein Sommermärchen,1
231,tt0094812,Bull Durham,1
232,tt0044706,High Noon,1
233,tt0034583,Casablanca,1
234,tt0101410,Barton Fink,1
235,tt0389326,Riding Giants,1
236,tt0425598,Dave Chappelle's Block Party,1
237,tt0105265,A River Runs Through It,1
238,tt0089015,Desert Hearts,1
239,tt0181852,Terminator 3: Rise of the Machines,1
240,tt0119643,Meet Joe Black,1
241,tt0496806,Ocean's Thirteen,1
242,tt0054135,Ocean's Eleven,1
243,tt0354899,La science des rêves,1
244,tt0053221,Rio Bravo,1
245,tt0324133,Swimming Pool,1
246,tt0038787,Notorious,1
247,tt0109254,Beverly Hills Cop III,1
248,tt0038890,Roma città aperta,1
249,tt0412019,Broken Flowers,1
250,tt0154420,Festen,1
251,tt0315327,Bruce Almighty,1
252,tt0087843,Once Upon a Time in America,1
253,tt0116692,Jenseits der Stille,1
254,tt0448124,Snow Cake,1
255,tt0327554,Catwoman,1
256,tt0059170,"Faster, Pussycat! Kill! Kill!",1
257,tt0304126,Halbe Treppe,1
258,tt0464029,Grbavica,1
259,tt0120753,The Million Dollar Hotel,1
260,tt0108399,True Romance,1
261,tt0278504,Insomnia,1
262,tt0330602,Mambo Italiano,1
263,tt0327056,Mystic River,1
264,tt0417148,Snakes on a Plane,1
265,tt0222851,Brother,1
266,tt0107290,Jurassic Park,1
267,tt0119567,The Lost World: Jurassic Park,1
268,tt0163025,Jurassic Park III,1
269,tt0141369,Inspector Gadget,1
270,tt0303785,Bollywood/Hollywood,1
271,tt0175880,Magnolia,1
272,tt0064116,C'era una volta il West,1
273,tt0067140,Giù la testa,1
274,tt0329388,Monsieur Ibrahim et les fleurs du Coran,1
275,tt0301357,"Good bye, Lenin!",1
276,tt0102536,Night on Earth,1
277,tt0404030,Everything is Illuminated,1
278,tt0420206,Sommersturm,1
279,tt0067185,Harold and Maude,1
280,tt0135790,Bang Boom Bang - Ein todsicheres Ding,1
281,tt0120663,Eyes Wide Shut,1
282,tt0047478,七人の侍,1
283,tt0020163,Menschen am Sonntag,1
284,tt0078748,Alien,1
285,tt0428430,Crustacés et coquillages,1
286,tt0458352,The Devil Wears Prada,1
287,tt0347048,Gegen die Wand,1
288,tt0103776,Batman Returns,1
289,tt0087800,A Nightmare on Elm Street,1
290,tt0093822,Raising Arizona,1
291,tt0100150,Miller's Crossing,1
292,tt0095953,Rain Man,1
293,tt0048728,To Catch a Thief,1
294,tt0089537,Mala Noche,1
295,tt0082096,Das Boot,1
296,tt0454848,Inside Man,1
297,tt0050083,12 Angry Men,1
298,tt0110361,Lisbon Story,1
299,tt0058461,Per un pugno di dollari,1
300,tt0241303,Chocolat,1
301,tt0378194,Kill Bill: Vol. 2,1
302,tt0370263,AVP: Alien vs. Predator,1
303,tt0061184,Who's Afraid of Virginia Woolf?,1
304,tt0113117,French Kiss,1
305,tt0379725,Capote,1
306,tt0114660,Things to Do in Denver When You're Dead,1
307,tt0333766,Garden State,1
308,tt0103772,Basic Instinct,1
309,tt0097239,Driving Miss Daisy,1
310,tt0166896,The Straight Story,1
311,tt0047528,La strada,1
312,tt0113247,La Haine,1
313,tt0162426,Kurz und schmerzlos,1
314,tt0029583,Snow White and the Seven Dwarfs,1
315,tt0116209,The English Patient,1
316,tt0477877,Sommer vorm Balkon,1
317,tt0363771,"The Chronicles of Narnia: The Lion, the Witch and the Wardrobe",1
318,tt0112462,Batman Forever,1
319,tt0118688,Batman & Robin,1
320,tt0362270,The Life Aquatic with Steve Zissou,1
321,tt0056801,8½,1
322,tt0253474,The Pianist,1
323,tt0108052,Schindler's List,1
324,tt0268380,Ice Age,1
325,tt0052357,Vertigo,1
326,tt0050706,Mon oncle,1
327,tt0806679,Sommer '04,1
328,tt0060196,"Il buono, il brutto, il cattivo",1
329,tt0055256,"One, Two, Three",1
330,tt0123755,Cube,1
331,tt0058331,Mary Poppins,1
332,tt0475317,Knallhart,1
333,tt0319262,The Day After Tomorrow,1
334,tt0390221,"María, llena eres de gracia",1
335,tt0285492,Cube 2: Hypercube,1
336,tt0377713,Cube Zero,1
337,tt0053779,La dolce vita,1
338,tt0758730,Aliens vs Predator: Requiem,1
339,tt0219822,Human Nature,1
340,tt0314524,Populärmusik från Vittula,1
341,tt0387898,Caché,1
342,tt0113627,Leaving Las Vegas,1
343,tt0154421,Idioterne,1
344,tt0268978,A Beautiful Mind,1
345,tt0117509,Romeo + Juliet,1
346,tt0286499,Bend It Like Beckham,1
347,tt0048624,Sissi,1
348,tt0049762,Sissi - Die junge Kaiserin,1
349,tt0050974,Sissi - Schicksalsjahre einer Kaiserin,1
350,tt0416331,Alles auf Zucker!,1
351,tt0195685,Erin Brockovich,1
352,tt0382330,Så som i himmelen,1
353,tt0094596,36 Fillette,1
354,tt0067309,Klute,1
355,tt0242527,The Hole,1
356,tt0102494,My Own Private Idaho,1
357,tt0088184,Stranger Than Paradise,1
358,tt0315733,21 Grams,1
359,tt0129774,Bandyta,1
360,tt0138704,Pi,1
361,tt0061418,Bonnie and Clyde,1
362,tt0097240,Drugstore Cowboy,1
363,tt0162650,Shaft,1
364,tt0265343,Monsoon Wedding,1
365,tt0461894,7 vírgenes,1
366,tt0067741,Shaft,1
367,tt0100935,Wild at Heart,1
368,tt0043265,The African Queen,1
369,tt0119217,Good Will Hunting,1
370,tt0050976,Det sjunde inseglet,1
371,tt0120601,Being John Malkovich,1
372,tt0069257,Shaft's Big Score!,1
373,tt0070679,Shaft in Africa,1
374,tt0443453,Borat: Cultural Learnings of America for Make Benefit Glorious Nation of Kazakhstan,1
375,tt0120689,The Green Mile,1
376,tt0055852,Cléo de cinq à sept,1
377,tt0105236,Reservoir Dogs,1
378,tt0427312,Grizzly Man,1
379,tt0058083,Fail-Safe,1
380,tt0409182,Poseidon,1
381,tt0340855,Monster,1
382,tt0097626,Johnny Handsome,1
383,tt0058329,Marnie,1
384,tt0110265,Killing Zoe,1
385,tt0314331,Love Actually,1
386,tt0125439,Notting Hill,1
387,tt0073486,One Flew Over the Cuckoo's Nest,1
388,tt0072446,Ziemia obiecana,1
389,tt0457513,Scoop,1
390,tt0116308,Fire,1
391,tt0046912,Dial M for Murder,1
392,tt0109707,Ed Wood,1
393,tt0454931,Requiem,1
394,tt0112641,Casino,1
395,tt0080455,The Blues Brothers,1
396,tt0089457,Ladyhawke,1
397,tt0110729,Once Were Warriors,1
398,tt0104361,A Grand Day Out,1
399,tt0108598,The Wrong Trousers,1
400,tt0112691,A Close Shave,1
401,tt0312004,The Curse of the Were-Rabbit,1
402,tt0438488,Terminator Salvation,1
403,tt0085549,Flashdance,1
404,tt0436445,Je ne suis pas là pour être aimé,1
405,tt0054215,Psycho,1
406,tt0367631,D.E.B.S.,1
407,tt0048347,The Man with the Golden Arm,1
408,tt0313196,El Crimen del Padre Amaro,1
409,tt0019702,Blackmail,1
410,tt0129387,There's Something About Mary,1
411,tt0407265,Transamerica,1
412,tt0119314,The Horse Whisperer,1
413,tt0042876,羅生門,1
414,tt0115632,Basquiat,1
415,tt0137523,Fight Club,1
416,tt0069113,The Poseidon Adventure,1
417,tt0237539,Pane e Tulipani,1
418,tt0276919,Dogville,1
419,tt0308476,Kukushka,1
420,tt0145487,Spider-Man,1
421,tt0316654,Spider-Man 2,1
422,tt0413300,Spider-Man 3,1
423,tt0040766,Secret Beyond the Door,1
424,tt0360486,Constantine,1
425,tt0095016,Die Hard,1
426,tt0120201,Starship Troopers,1
427,tt0120616,The Mummy,1
428,tt0298130,The Ring,1
429,tt0047396,Rear Window,1
430,tt0112384,Apollo 13,1
431,tt0243255,À ma sœur!,1
432,tt0056869,The Birds,1
433,tt0453383,Naboer,1
434,tt0068611,Frenzy,1
435,tt0049470,The Man Who Knew Too Much,1
436,tt0250258,Das Experiment,1
437,tt0065214,The Wild Bunch,1
438,tt0114681,To Die For,1
439,tt0073195,Jaws,1
440,tt0077766,Jaws 2,1
441,tt0093300,Jaws: The Revenge,1
442,tt0099348,Dances with Wolves,1
443,tt0405094,Das Leben der Anderen,1
444,tt0079470,Life of Brian,1
445,tt0322259,2 Fast 2 Furious,1
446,tt0198781,"Monsters, Inc.",1
447,tt0120885,Wag the Dog,1
448,tt0319061,Big Fish,1
449,tt0384537,Silent Hill,1
450,tt0274558,The Hours,1
451,tt0382625,The Da Vinci Code,1
452,tt0071360,The Conversation,1
453,tt0069293,Солярис,1
454,tt0362227,The Terminal,1
455,tt0056592,To Kill a Mockingbird,1
456,tt0032551,The Grapes of Wrath,1
457,tt0120338,Titanic,1
458,tt0317248,Cidade de Deus,1
459,tt0043014,Sunset Boulevard,1
460,tt0093058,Full Metal Jacket,1
461,tt0083866,E.T. the Extra-Terrestrial,1
462,tt0116629,Independence Day,1
463,tt0133093,The Matrix,1
464,tt0234215,The Matrix Reloaded,1
465,tt0242653,The Matrix Revolutions,1
466,tt0089755,Out of Africa,1
467,tt0119654,Men in Black,1
468,tt0120912,Men in Black II,1
469,tt0084516,Poltergeist,1
470,tt0408306,Munich,1
471,tt0363163,Der Untergang,1
472,tt0050986,Smultronstället,1
473,tt0335345,The Passion of the Christ,1
474,tt0325710,The Last Samurai,1
475,tt0120890,Wild Things,1
476,tt0004972,The Birth of a Nation,1
477,tt0103855,The Bodyguard,1
478,tt0087332,Ghostbusters,1
479,tt0077631,Grease,1
480,tt0142688,The Ninth Gate,1
481,tt0095159,A Fish Called Wanda,1
482,tt0064276,Easy Rider,1
483,tt0087553,The Killing Fields,1
484,tt0020530,Un chien andalou,1
485,tt0117951,Trainspotting,1
486,tt0110148,Interview with the Vampire,1
487,tt0114814,The Usual Suspects,1
488,tt0032138,The Wizard of Oz,1
489,tt0018455,Sunrise: A Song of Two Humans,1
490,tt0046359,Stalag 17,1
491,tt0076734,Soldaat van Oranje,1
492,tt0243155,Bridget Jones's Diary,1
493,tt0092563,Angel Heart,1
494,tt0066434,THX 1138,1
495,tt0118799,La vita è bella,1
496,tt0116922,Lost Highway,1
497,tt0098635,When Harry Met Sally...,1
498,tt0264464,Catch Me If You Can,1
499,tt0180093,Requiem for a Dream,1
500,tt0064115,Butch Cassidy and the Sundance Kid,1
501,tt0015648,Броненосец «Потёмкин»,1
502,tt0212720,A.I. Artificial Intelligence,1
503,tt0055928,Dr. No,1
504,tt0385700,Final Fantasy VII: Advent Children,1
505,tt0038348,La belle et la bête,1
506,tt0061395,Belle de jour,1
507,tt0101507,Boyz n the Hood,1
508,tt0066026,M*A*S*H,1
509,tt0332452,Troy,1
510,tt0013442,"Nosferatu, eine Symphonie des Grauens",1
511,tt0047296,On the Waterfront,1
512,tt0087884,"Paris, Texas",1
513,tt0057076,From Russia with Love,1
514,tt0058150,Goldfinger,1
515,tt0078875,Die Blechtrommel,1
516,tt0059800,Thunderball,1
517,tt0079095,Die Ehe der Maria Braun,1
518,tt0056119,La Jetée,1
519,tt0890870,Saw IV,1
520,tt0117998,Twister,1
521,tt0052618,Ben-Hur,1
522,tt0140888,Central do Brasil,1
523,tt0062512,You Only Live Twice,1
524,tt0064757,On Her Majesty's Secret Service,1
525,tt0013427,Nanook of the North,1
526,tt0364569,올드보이,1
527,tt0241527,Harry Potter and the Philosopher's Stone,1
528,tt0295297,Harry Potter and the Chamber of Secrets,1
529,tt0304141,Harry Potter and the Prisoner of Azkaban,1
530,tt0330373,Harry Potter and the Goblet of Fire,1
531,tt0373889,Harry Potter and the Order of the Phoenix,1
532,tt0213149,Pearl Harbor,1
533,tt0030522,Olympia - Fest der Völker,1
534,tt0039689,Out of the Past,1
535,tt0090605,Aliens,1
536,tt0110912,Pulp Fiction,1
537,tt0066995,Diamonds Are Forever,1
538,tt0071807,The Man with the Golden Gun,1
539,tt0030523,Olympia - Fest der Schönheit,1
540,tt0118884,Contact,1
541,tt0112818,Dead Man Walking,1
542,tt0112579,The Bridges of Madison County,1
543,tt0073800,Ο θίασος,1
544,tt0053168,Pickpocket,1
545,tt0076752,The Spy Who Loved Me,1
546,tt0069089,Pink Flamingos,1
547,tt0290002,Meet the Fockers,1
548,tt0081505,The Shining,1
549,tt0108122,Short Cuts,1
550,tt0079522,Manhattan,1
551,tt0018217,Oktyabr,1
552,tt0079574,Moonraker,1
553,tt0082398,For Your Eyes Only,1
554,tt0086034,Octopussy,1
555,tt0014341,Our Hospitality,1
556,tt0044081,A Streetcar Named Desire,1
557,tt0075686,Annie Hall,1
558,tt0058182,A Hard Day's Night,1
559,tt0042192,All About Eve,1
560,tt0071458,Fontane Effi Briest,1
561,tt0090264,A View to a Kill,1
562,tt0093428,The Living Daylights,1
563,tt0097742,Licence to Kill,1
564,tt0113189,GoldenEye,1
565,tt0181536,Finding Forrester,1
566,tt0109831,Four Weddings and a Funeral,1
567,tt0107822,The Piano,1
568,tt0120347,Tomorrow Never Dies,1
569,tt0203166,Tillsammans,1
570,tt0092099,Top Gun,1
571,tt0167404,The Sixth Sense,1
572,tt0093389,The Last Emperor,1
573,tt0365748,Shaun of the Dead,1
574,tt0055205,Murder She Said,1
575,tt0057334,Murder at the Gallop,1
576,tt0434409,V for Vendetta,1
577,tt0062952,Faces,1
578,tt0119094,Face/Off,1
579,tt0116367,From Dusk Till Dawn,1
580,tt0032455,Fantasia,1
581,tt0058383,Murder Most Foul,1
582,tt0058382,Murder Ahoy,1
583,tt0045810,Gentlemen Prefer Blondes,1
584,tt0069747,Les aventures de Rabbi Jacob,1
585,tt0074103,L'Aile ou la Cuisse,1
586,tt0071853,Monty Python and the Holy Grail,1
587,tt0103873,Braindead,1
588,tt0083907,The Evil Dead,1
589,tt0092991,Evil Dead II,1
590,tt0106308,Army of Darkness,1
591,tt0417741,Harry Potter and the Half-Blood Prince,1
592,tt0120681,From Hell,1
593,tt0099685,GoodFellas,1
594,tt0031381,Gone with the Wind,1
595,tt0099785,Home Alone,1
596,tt0104431,Home Alone 2: Lost in New York,1
597,tt0449059,Little Miss Sunshine,1
598,tt0000010,La Sortie de l'Usine Lumière à Lyon,1
599,tt0000417,Le Voyage dans la Lune,1
600,tt0031885,La Règle du jeu,1
601,tt0028950,La Grande Illusion,1
602,tt0046487,Les Vacances de Monsieur Hulot,1
603,tt0023649,Vampyr - Der Traum des Allan Grey,1
604,tt0019254,La passion de Jeanne d'Arc,1
605,tt0120522,Winterschläfer,1
606,tt0119177,Gattaca,1
607,tt0083987,Gandhi,1
608,tt0116790,Kolja,1
609,tt0181875,Almost Famous,1
610,tt0356910,Mr. & Mrs. Smith,1
611,tt0107614,Mrs. Doubtfire,1
612,tt0060802,Ostře sledované vlaky,1
613,tt0080749,The Fog,1
614,tt0432291,The Fog,1
615,tt0091763,Platoon,1
616,tt0090756,Blue Velvet,1
617,tt0075005,The Omen,1
618,tt0120632,City of Angels,1
619,tt0139134,Cruel Intentions,1
620,tt0060827,Persona,1
621,tt0046218,Pünktchen und Anton,1
622,tt0161935,Pünktchen und Anton,1
623,tt0042804,Los Olvidados,1
624,tt0093105,"Good Morning, Vietnam",1
625,tt0056193,Lolita,1
626,tt0048434,Nuit et brouillard,1
627,tt0046250,Roman Holiday,1
628,tt0063522,Rosemary's Baby,1
629,tt0466909,The Omen,1
630,tt0114369,Se7en,1
631,tt0126029,Shrek,1
632,tt0298148,Shrek 2,1
633,tt0413267,Shrek the Third,1
634,tt0067756,Silent Running,1
635,tt0103639,Aladdin,1
636,tt0080339,Airplane!,1
637,tt0082010,An American Werewolf in London,1
638,tt0204824,Animal Farm,1
639,tt0118655,Austin Powers: International Man of Mystery,1
640,tt0145660,Austin Powers: The Spy Who Shagged Me,1
641,tt0295178,Austin Powers in Goldmember,1
642,tt0117665,Sleepers,1
643,tt0102138,JFK,1
644,tt0055031,Judgment at Nuremberg,1
645,tt0051792,জলসাঘর,1
646,tt0193253,人狼,1
647,tt0203009,Moulin Rouge!,1
648,tt0145734,Playing by Heart,1
649,tt0050212,The Bridge on the River Kwai,1
650,tt0046911,Les diaboliques,1
651,tt0043456,The Day the Earth Stood Still,1
652,tt0071315,Chinatown,1
653,tt0049223,Forbidden Planet,1
654,tt0047577,This Island Earth,1
655,tt0022100,M,1
656,tt0045274,Umberto D.,1
657,tt0401855,Underworld: Evolution,1
658,tt0057654,Vidas secas,1
659,tt0086541,Videodrome,1
660,tt0069704,American Graffiti,1
661,tt0067023,Duel,1
662,tt0075860,Close Encounters of the Third Kind,1
663,tt0087182,Dune,1
664,tt0364961,The Assassination of Richard Nixon,1
665,tt0118694,花樣年華,1
666,tt0212712,2046,1
667,tt0044079,Strangers on a Train,1
668,tt0120902,The X Files,1
669,tt0096446,Willow,1
670,tt0082288,Dragonslayer,1
671,tt0085811,Krull,1
672,tt0085334,A Christmas Story,1
673,tt0037558,Brief Encounter,1
674,tt0215750,Enemy at the Gates,1
675,tt0110475,The Mask,1
676,tt0265086,Black Hawk Down,1
677,tt0096438,Who Framed Roger Rabbit,1
678,tt0120815,Saving Private Ryan,1
679,tt0108160,Sleepless in Seattle,1
680,tt0094947,Dangerous Liaisons,1
681,tt0086567,WarGames,1
682,tt0100802,Total Recall,1
683,tt0114709,Toy Story,1
684,tt0120363,Toy Story 2,1
685,tt0106611,Cool Runnings,1
686,tt0093894,The Running Man,1
687,tt0308644,Finding Neverland,1
688,tt0108162,Sliver,1
689,tt0468565,Tsotsi,1
690,tt0133152,Planet of the Apes,1
691,tt0330229,ドールズ,1
692,tt0063442,Planet of the Apes,1
693,tt0045152,Singin' in the Rain,1
694,tt0088939,The Color Purple,1
695,tt0060665,A Man for All Seasons,1
696,tt0023458,Shanghai Express,1
697,tt0142032,Frank Herbert's Dune,1
698,tt0023427,Scarface,1
699,tt0036818,Die Feuerzangenbowle,1
700,tt0102057,Hook,1
701,tt0112379,Antonia,1
702,tt0104257,A Few Good Men,1
703,tt0379217,Coffee and Cigarettes,1
704,tt0115964,Crash,1
705,tt0018839,The Docks of New York,1
706,tt0059037,The Cincinnati Kid,1
707,tt0036868,The Best Years of Our Lives,1
708,tt0109813,The Flintstones,1
709,tt0158622,The Flintstones in Viva Rock Vegas,1
710,tt0114354,Schlafes Bruder,1
711,tt0074119,All the President's Men,1
712,tt0101700,Delicatessen,1
713,tt0060107,Андрей Рублёв,1
714,tt0052572,অপুর সংসার,1
715,tt0048956,অপরাজিত,1
716,tt0055798,Birdman of Alcatraz,1
717,tt0009968,Broken Blossoms,1
718,tt0029947,Bringing Up Baby,1
719,tt0021749,City Lights,1
720,tt0112682,La Cité des Enfants Perdus,1
721,tt0061512,Cool Hand Luke,1
722,tt0018737,Die Büchse der Pandora,1
723,tt0059113,Doctor Zhivago,1
724,tt0037059,Meet Me in St. Louis,1
725,tt0038355,The Big Sleep,1
726,tt0032234,The Bank Dick,1
727,tt0063688,The Thomas Crown Affair,1
728,tt0155267,The Thomas Crown Affair,1
729,tt0032553,The Great Dictator,1
730,tt0062765,Bullitt,1
731,tt0050188,Mother India,1
732,tt0092666,Blind Date,1
733,tt0275230,Blood: The Last Vampire,1
734,tt0317219,Cars,1
735,tt0352248,Cinderella Man,1
736,tt0112817,Dead Man,1
737,tt0077402,Dawn of the Dead,1
738,tt0363547,Dawn of the Dead,1
739,tt0097216,Do the Right Thing,1
740,tt0177789,Galaxy Quest,1
741,tt0087363,Gremlins,1
742,tt0099700,Gremlins 2: The New Batch,1
743,tt0120685,Godzilla,1
744,tt0069995,Don't Look Now,1
745,tt0038769,Die Mörder sind unter uns,1
746,tt0048021,Du rififi chez les hommes,1
747,tt0057012,Dr. Strangelove or: How I Learned to Stop Worrying and Love the Bomb,1
748,tt0057413,The Pink Panther,1
749,tt0059578,Per qualche dollaro in più,1
750,tt0018037,The Jazz Singer,1
751,tt0030341,The Lady Vanishes,1
752,tt0093409,Lethal Weapon,1
753,tt0097733,Lethal Weapon 2,1
754,tt0104714,Lethal Weapon 3,1
755,tt0122151,Lethal Weapon 4,1
756,tt0040536,Letter from an Unknown Woman,1
757,tt0056172,Lawrence of Arabia,1
758,tt0077651,Halloween,1
759,tt0113277,Heat,1
760,tt0438097,Ice Age: The Meltdown,1
761,tt0099938,Kindergarten Cop,1
762,tt0351283,Madagascar,1
763,tt0117060,Mission: Impossible,1
764,tt0120755,Mission: Impossible II,1
765,tt0317919,Mission: Impossible III,1
766,tt0094012,Spaceballs,1
767,tt0017925,The General,1
768,tt0015864,The Gold Rush,1
769,tt0033870,The Maltese Falcon,1
770,tt0016220,The Phantom of the Opera,1
771,tt0035015,The Magnificent Ambersons,1
772,tt0054047,The Magnificent Seven,1
773,tt0054331,Spartacus,1
774,tt0072890,Dog Day Afternoon,1
775,tt0050825,Paths of Glory,1
776,tt0051036,Sweet Smell of Success,1
777,tt0022458,Tabu,1
778,tt0120102,Seven Years in Tibet,1
779,tt0290673,Irréversible,1
780,tt0036244,The Ox-Bow Incident,1
781,tt0032904,The Philadelphia Story,1
782,tt0056218,The Manchurian Candidate,1
783,tt0073341,The Man Who Would Be King,1
784,tt0066999,Dirty Harry,1
785,tt0074486,Eraserhead,1
786,tt0059012,Falstaff,1
787,tt0071524,The Front Page,1
788,tt0078966,The China Syndrome,1
789,tt0032811,The Mortal Storm,1
790,tt0054997,The Hustler,1
791,tt0074851,The Man Who Fell to Earth,1
792,tt0015324,"Sherlock, Jr.",1
793,tt0069281,Sleuth,1
794,tt0067800,Straw Dogs,1
795,tt0031971,Stagecoach,1
796,tt0036775,Double Indemnity,1
797,tt0166924,Mulholland Drive,1
798,tt0418455,Adams æbler,1
799,tt0110005,Heavenly Creatures,1
800,tt0141824,Die Siebtelbauern,1
801,tt0057091,Il gattopardo,1
802,tt0108185,Sommersby,1
803,tt0215369,Xizao,1
804,tt0067116,The French Connection,1
805,tt0060176,Blow-Up,1
806,tt0085276,Breathless,1
807,tt0051808,隠し砦の三悪人,1
808,tt0137363,Arlington Road,1
809,tt0118843,"Crna mačka, beli mačor",1
810,tt0298228,Whale Rider,1
811,tt0102685,Point Break,1
812,tt0139809,The Thirteenth Floor,1
813,tt0084787,The Thing,1
814,tt0041959,The Third Man,1
815,tt0051378,Ascenseur pour l'échafaud,1
816,tt0082340,Escape from New York,1
817,tt0373861,Die Geschichte vom weinenden Kamel,1
818,tt0419773,Gespenster,1
819,tt0460989,The Wind That Shakes the Barley,1
820,tt0437232,Catch a Fire,1
821,tt0482571,The Prestige,1
822,tt0443489,Dreamgirls,1
823,tt0385017,In My Father's Den,1
824,tt0434292,Princesas,1
825,tt0056241,The Miracle Worker,1
826,tt0246786,The Miracle Worker,1
827,tt0449467,Babel,1
828,tt0436697,The Queen,1
829,tt0134119,The Talented Mr. Ripley,1
830,tt0764639,Das wilde Leben,1
831,tt0107943,The Remains of the Day,1
832,tt0479143,Rocky Balboa,1
833,tt0343737,The Good Shepherd,1
834,tt0367959,Hannibal Rising,1
835,tt0427969,Hollywoodland,1
836,tt0259324,Ghost Rider,1
837,tt0498380,Letters from Iwo Jima,1
838,tt0441774,Lonely Hearts,1
839,tt0443456,Breaking and Entering,1
840,tt0485241,"Je vais bien, ne t'en fais pas",1
841,tt0468492,괴물,1
842,tt0490084,Because I Said So,1
843,tt0465551,Notes on a Scandal,1
844,tt0447249,Leiutajateküla Lotte,1
845,tt0420223,Stranger Than Fiction,1
846,tt0398808,Bridge to Terabithia,1
847,tt0421073,Street Kings,1
848,tt0396555,Meet the Robinsons,1
849,tt0453451,Mr. Bean's Holiday,1
850,tt0446009,Neues vom Wixxer,1
851,tt0416449,300,1
852,tt0448134,Sunshine,1
853,tt0453556,TMNT,1
854,tt0155722,Ein Lied von Liebe und Tod – Gloomy Sunday,1
855,tt0309987,The Dreamers,1
856,tt0397619,사마리아,1
857,tt0423866,빈집,1
858,tt0118689,Bean,1
859,tt0275309,Dogtown and Z-Boys,1
860,tt0120868,"Torrente, el brazo tonto de la ley",1
861,tt0257231,Torrente 2: Misión en Marbella,1
862,tt0444505,Torrente 3: El protector,1
863,tt0461694,Vier Minuten,1
864,tt0103882,A Brief History of Time,1
865,tt0144084,American Psycho,1
866,tt0120679,Frida,1
867,tt0079802,The Return of the King,1
868,tt0077687,The Hobbit,1
869,tt0120699,The Hi-Lo Country,1
870,tt0254455,Lucía y el sexo,1
871,tt0285742,Monster's Ball,1
872,tt0075148,Rocky,1
873,tt0079817,Rocky II,1
874,tt0083944,First Blood,1
875,tt0089880,Rambo: First Blood Part II,1
876,tt0095956,Rambo III,1
877,tt0084602,Rocky III,1
878,tt0450259,Blood Diamond,1
879,tt0251052,The Discovery of Heaven,1
880,tt0089927,Rocky IV,1
881,tt0100507,Rocky V,1
882,tt0313670,Sweet Sixteen,1
883,tt0051745,Houseboat,1
884,tt0367027,Shortbus,1
885,tt0458242,Laitakaupungin valot,1
886,tt0097438,Gleaming the Cube,1
887,tt0414993,The Fountain,1
888,tt0415978,Me and You and Everyone We Know,1
889,tt0094075,Superstar: The Karen Carpenter Story,1
890,tt0120780,Out of Sight,1
891,tt0245574,Y tu mamá también,1
892,tt0388789,Born into Brothels,1
893,tt0432325,Die Höhle des gelben Hundes,1
894,tt0086022,Nostalghia,1
895,tt0072443,Зеркало,1
896,tt0079944,Сталкер,1
897,tt0454921,The Pursuit of Happyness,1
898,tt0060355,Duel at Diablo,1
899,tt0380366,Ae Fond Kiss...,1
900,tt0015881,Greed,1
901,tt0101587,City Slickers,1
902,tt0450188,La Môme,1
903,tt0112760,Cutthroat Island,1
904,tt0069945,Dark Star,1
905,tt0102757,The Rapture,1
906,tt0098724,"Sex, Lies, and Videotape",1
907,tt0107468,M. Butterfly,1
908,tt0133363,Los amantes del círculo polar,1
909,tt0320244,Party Monster,1
910,tt0341384,해안선,1
911,tt0457430,El laberinto del fauno,1
912,tt0350193,Te doy mis ojos,1
913,tt0890888,Vollidiot,1
914,tt0411195,Breakfast on Pluto,1
915,tt0076155,L'Homme qui aimait les femmes,1
916,tt0407887,The Departed,1
917,tt0396171,Perfume: The Story of a Murderer,1
918,tt0285823,Once Upon a Time in Mexico,1
919,tt0307901,25th Hour,1
920,tt0310793,Bowling for Columbine,1
921,tt0256009,El espinazo del diablo,1
922,tt0390538,Tarnation,1
923,tt0166485,Anna and the King,1
924,tt0404203,Little Children,1
925,tt0445946,The Contract,1
926,tt0159097,The Virgin Suicides,1
927,tt0418773,Junebug,1
928,tt0120894,The Wisdom of Crocodiles,1
929,tt0806027,Blood: The Last Vampire,1
930,tt0348150,Superman Returns,1
931,tt0106579,"Clean, Shaven",1
932,tt0052311,Touch of Evil,1
933,tt0110500,Metal Skin,1
934,tt0104693,Laws of Gravity,1
935,tt0101420,Begotten,1
936,tt0114704,Der Totmacher,1
937,tt0067128,Get Carter,1
938,tt0167190,Hellboy,1
939,tt0461804,綠草地,1
940,tt0443543,The Illusionist,1
941,tt0103594,1492: Conquest of Paradise,1
942,tt0212346,Miss Congeniality,1
943,tt0473444,滿城盡帶黃金甲,1
944,tt0320661,Kingdom of Heaven,1
945,tt0101615,Cool as Ice,1
946,tt0103060,Teenage Mutant Ninja Turtles II: The Secret of the Ooze,1
947,tt0100758,Teenage Mutant Ninja Turtles,1
948,tt0108308,Teenage Mutant Ninja Turtles III,1
949,tt0455590,The Last King of Scotland,1
950,tt0446013,Pathfinder,1
951,tt0266987,Spy Game,1
952,tt0264472,Changing Lanes,1
953,tt0369339,Collateral,1
954,tt0448009,Keine Lieder über Liebe,1
955,tt0381690,Vers le sud,1
956,tt0103074,Thelma & Louise,1
957,tt0151804,Office Space,1
958,tt0424992,Emmas Glück,1
959,tt0421994,Imagine Me & You,1
960,tt0318761,Thumbsucker,1
961,tt0093437,The Lost Boys,1
962,tt0162346,Ghost World,1
963,tt0338977,L'Esquive,1
964,tt0311648,Pieces of April,1
965,tt0099582,Flatliners,1
966,tt0098067,Parenthood,1
967,tt0411270,De battre mon cœur s'est arrêté,1
968,tt0090967,Down by Law,1
969,tt0283900,L'Auberge espagnole,1
970,tt0064068,薔薇の葬列,1
971,tt0126765,23,1
972,tt0072235,Sweet Movie,1
973,tt0100623,Singapore Sling: Ο άνθρωπος που αγάπησε ένα πτώμα,1
974,tt0061996,Mouchette,1
975,tt0463854,28 Weeks Later,1
976,tt0084628,Sans soleil,1
977,tt0052654,Die Brücke,1
978,tt0157016,Seul contre tous,1
979,tt0218871,Carne,1
980,tt0337978,Live Free or Die Hard,1
981,tt0112864,Die Hard: With a Vengeance,1
982,tt0099423,Die Hard 2,1
983,tt0299658,Chicago,1
984,tt0120804,Resident Evil,1
985,tt0318627,Resident Evil: Apocalypse,1
986,tt0081398,Raging Bull,1
987,tt0472043,Apocalypto,1
988,tt0040746,Rope,1
989,tt0457939,The Holiday,1
990,tt0258760,Lammbock,1
991,tt0332379,School of Rock,1
992,tt0038650,It's a Wonderful Life,1
993,tt0363988,Secret Window,1
994,tt0108550,What's Eating Gilbert Grape,1
995,tt0204946,Bring It On,1
996,tt0337631,The Boys from County Clare,1
997,tt0424908,Copying Beethoven,1
998,tt0161860,Nirgendwo in Afrika,1
999,tt0117381,Primal Fear,1
1000,tt0477347,Night at the Museum,1
